{"cameraMode":{"drawMode":0,"name":"Shaded","section":"Shading Mode"},"sceneLighting":true,"audioPlay":false,"sceneViewState":{"showFog":true,"showMaterialUpdate":false,"showSkybox":true,"showFlares":true,"showImageEffects":true,"showParticleSystems":true},"in2DMode":false,"pivot":{"x":573.6653442382813,"y":173.6405487060547,"z":94.81464385986328},"rotation":{"x":0.024863367900252343,"y":-0.05096207559108734,"z":0.0012693253811448813,"w":0.9983903169631958},"size":640.3309326171875,"orthographic":true}