{"cameraMode":{"drawMode":0,"name":"Shaded","section":"Shading Mode"},"sceneLighting":false,"audioPlay":false,"sceneViewState":{"showFog":false,"showMaterialUpdate":false,"showSkybox":false,"showFlares":false,"showImageEffects":false,"showParticleSystems":false},"in2DMode":false,"pivot":{"x":10.952406883239746,"y":1.3694711923599244,"z":0.6731922626495361},"rotation":{"x":-0.5361210703849793,"y":0.08125807344913483,"z":-0.051948051899671558,"w":-0.8386135697364807},"size":7.246753215789795,"orthographic":true}